{
    "$schema": "https://schema.management.azure.com/schemas/2015-01-01/deploymentParameters.json#",
    "contentVersion": "1.0.0.0",
    "parameters": {
        "location": {
            "value": "eastus"
        },
        "name": {
            "value": "vpngate5601testgw"
        },
        "gatewayType": {
            "value": "Vpn"
        },
        "sku": {
            "value": "VpnGw1"
        },
        "vpnType": {
            "value": "RouteBased"
        },
        "vpnGatewayGeneration": {
            "value": "Generation1"
        },
        "subnetId": {
            "value": "/subscriptions/590d4409-008a-4d94-be3b-7ff931a8ef98/resourceGroups/vpngate5601testrg/providers/Microsoft.Network/virtualNetworks/vpngate5601testvnet/subnets/GatewaySubnet"
        },
        "newPublicIpAddressName": {
            "value": "vpngate5601testip"
        }
    }
}