{
    "$schema": "http://schema.management.azure.com/schemas/2015-01-01/deploymentTemplate.json#",
    "contentVersion": "1.0.0.0",
    "parameters": {
        "name": {
            "type": "string"
        },
        "location": {
            "type": "string"
        },
        "gatewayType": {
            "type": "string",
            "defaultValue": "Vpn",
            "allowedValues": [
                "Vpn",
                "ExpressRoute"
            ]
        },
        "sku": {
            "type": "string"
        },
        "vpnGatewayGeneration": {
            "type": "string"
        },
        "vpnType": {
            "type": "string",
            "defaultValue": "RouteBased",
            "allowedValues": [
                "RouteBased",
                "PolicyBased"
            ]
        },
        "subnetId": {
            "type": "string"
        },
        "newPublicIpAddressName": {
            "type": "string"
        }
    },
    "resources": [
        {
            "apiVersion": "2020-11-01",
            "name": "[parameters('name')]",
            "type": "Microsoft.Network/virtualNetworkGateways",
            "location": "[parameters('location')]",
            "dependsOn": [
                "Microsoft.Resources/deployments/vpngate5601testvnet-20220829141320",
                "[concat('Microsoft.Network/publicIPAddresses/', parameters('newPublicIpAddressName'))]"
            ],
            "tags": {},
            "properties": {
                "gatewayType": "[parameters('gatewayType')]",
                "ipConfigurations": [
                    {
                        "name": "default",
                        "properties": {
                            "privateIPAllocationMethod": "Dynamic",
                            "subnet": {
                                "id": "[parameters('subnetId')]"
                            },
                            "publicIpAddress": {
                                "id": "[resourceId('vpngate5601testrg', 'Microsoft.Network/publicIPAddresses', parameters('newPublicIpAddressName'))]"
                            }
                        }
                    }
                ],
                "vpnType": "[parameters('vpnType')]",
                "vpnGatewayGeneration": "[parameters('vpnGatewayGeneration')]",
                "sku": {
                    "name": "[parameters('sku')]",
                    "tier": "[parameters('sku')]"
                }
            }
        },
        {
            "name": "vpngate5601testvnet-20220829141320",
            "type": "Microsoft.Resources/deployments",
            "apiVersion": "2017-05-10",
            "dependsOn": [],
            "properties": {
                "mode": "Incremental",
                "template": {
                    "$schema": "http://schema.management.azure.com/schemas/2015-01-01/deploymentTemplate.json#",
                    "contentVersion": "1.0.0.0",
                    "parameters": {},
                    "variables": {},
                    "resources": [
                        {
                            "name": "vpngate5601testvnet",
                            "id": "/subscriptions/590d4409-008a-4d94-be3b-7ff931a8ef98/resourceGroups/vpngate5601testrg/providers/Microsoft.Network/virtualNetworks/vpngate5601testvnet",
                            "location": "eastus",
                            "type": "Microsoft.Network/virtualNetworks",
                            "properties": {
                                "subnets": [
                                    {
                                        "name": "GatewaySubnet",
                                        "id": "/subscriptions/590d4409-008a-4d94-be3b-7ff931a8ef98/resourceGroups/vpngate5601testrg/providers/Microsoft.Network/virtualNetworks/vpngate5601testvnet/subnets/GatewaySubnet",
                                        "properties": {
                                            "addressPrefix": "10.0.1.0/24"
                                        }
                                    }
                                ],
                                "addressSpace": {
                                    "addressPrefixes": [
                                        "10.0.0.0/16"
                                    ]
                                }
                            },
                            "tags": {},
                            "apiVersion": "2019-09-01",
                            "dependsOn": []
                        }
                    ]
                },
                "parameters": {}
            },
            "resourceGroup": "vpngate5601testrg"
        },
        {
            "apiVersion": "2020-08-01",
            "type": "Microsoft.Network/publicIPAddresses",
            "name": "[parameters('newPublicIpAddressName')]",
            "location": "[parameters('location')]",
            "properties": {
                "publicIPAllocationMethod": "Static"
            },
            "sku": {
                "name": "Standard",
                "tier": "Regional"
            },
            "zones": []
        }
    ]
}